{
  "project_info": {
    "project_number": "112124890663",
    "firebase_url": "https://nomu-af551.firebaseio.com",
    "project_id": "nomu-af551",
    "storage_bucket": "nomu-af551.appspot.com"
  },
  "client": [
    {
      "client_info": {
        "mobilesdk_app_id": "1:112124890663:android:a07366006f407a8f",
        "android_client_info": {
          "package_name": "com.playnomu.playnomu4"
        }
      },
      "oauth_client": [
        {
          "client_id": "112124890663-dt7s57mojcg5u4sp45npobp3m1g9boqr.apps.googleusercontent.com",
          "client_type": 3
        }
      ],
      "api_key": [
        {
          "current_key": "AIzaSyBRg2ntDyUdNQG4lhRUvBAAH3G703uWCLo"
        }
      ],
      "services": {
        "analytics_service": {
          "status": 1
        },
        "appinvite_service": {
          "status": 1,
          "other_platform_oauth_client": []
        },
        "ads_service": {
          "status": 2
        }
      }
    }
  ],
  "configuration_version": "1"
}